{"cameraMode":{"drawMode":0,"name":"Shaded","section":"Shading Mode"},"sceneLighting":false,"audioPlay":false,"sceneViewState":{"m_AlwaysRefresh":false,"showFog":false,"showSkybox":false,"showFlares":false,"showImageEffects":false,"showParticleSystems":false,"showVisualEffectGraphs":true,"m_FxEnabled":true},"in2DMode":false,"pivot":{"x":-0.33609211444854739,"y":0.728039026260376,"z":-0.37320828437805178},"rotation":{"x":-0.021049734205007554,"y":-0.9769241809844971,"z":0.11513150483369827,"w":-0.17867210507392884},"size":0.7149390578269959,"orthographic":false}