{"cameraMode":{"drawMode":0,"name":"Shaded","section":"Shading Mode"},"sceneLighting":false,"audioPlay":false,"sceneViewState":{"showFog":true,"showMaterialUpdate":false,"showSkybox":false,"showFlares":true,"showImageEffects":true,"showParticleSystems":true},"in2DMode":false,"pivot":{"x":2.9802322387695315e-8,"y":5.960464477539063e-8,"z":0.0},"rotation":{"x":-0.28249627351760867,"y":0.05090402811765671,"z":-0.015014075674116612,"w":-0.9578019976615906},"size":0.7330157160758972,"orthographic":false}