{"cameraMode":{"drawMode":0,"name":"Shaded","section":"Shading Mode"},"sceneLighting":false,"audioPlay":false,"sceneViewState":{"showFog":true,"showMaterialUpdate":false,"showSkybox":false,"showFlares":true,"showImageEffects":true,"showParticleSystems":true},"in2DMode":false,"pivot":{"x":-0.1041935533285141,"y":1.1928045749664307,"z":-0.22573783993721009},"rotation":{"x":-0.004482131917029619,"y":-0.9941835403442383,"z":0.09755197912454605,"w":-0.04565747082233429},"size":1.3330156803131104,"orthographic":false}