{"cameraMode":{"drawMode":0,"name":"Shaded","section":"Shading Mode"},"sceneLighting":false,"audioPlay":false,"sceneViewState":{"m_AlwaysRefresh":false,"showFog":true,"showSkybox":false,"showFlares":true,"showImageEffects":true,"showParticleSystems":true,"showVisualEffectGraphs":true,"m_FxEnabled":true},"in2DMode":false,"pivot":{"x":2.1573777198791506,"y":1.7717931270599366,"z":-0.11650743335485459},"rotation":{"x":-0.00449638906866312,"y":0.7026323080062866,"z":-0.004426628351211548,"w":-0.7115433812141419},"size":0.4330157935619354,"orthographic":false}